<?xml version="1.0" encoding="utf-8"?>
<extension type="component" version="3.0" method="upgrade">
    <name>com_thanhvienvote</name>
    <creationDate>2017-10-24</creationDate>
    <copyright>GigaViNa</copyright>
    <license>GNU General Public License version 2 or later; see LICENSE.txt</license>
    <author>vnnguyendung</author>
    <authorEmail>vnnguyendung@gmail.com</authorEmail>
    <authorUrl>https://www.gigavina.com</authorUrl>
    <version>CVS: 1.0.1</version>
    <description>Chuc nang cho phep thanh vien vote bai viet, va luu bai viet vao danh sach rieng de xem lai</description>
    
    
    
    <install> <!-- Runs on install -->
        <sql>
            <file driver="mysql" charset="utf8">sql/install.mysql.utf8.sql</file>
        </sql>
    </install>
    <update> <!-- Runs on update -->
        <sql>
            <file driver="mysql" charset="utf8">sql/update.mysql.utf8.sql</file>
        </sql>
    </update>
    <uninstall> <!-- Runs on uninstall -->
        <sql>
            <file driver="mysql" charset="utf8">sql/uninstall.mysql.utf8.sql</file>
        </sql>
    </uninstall>

    <files folder="site">
        <filename>index.html</filename>
        <filename>thanhvienvote.php</filename>
        <filename>controller.php</filename>
        <filename>router.php</filename>
        <folder>views</folder>
        <folder>models</folder>
        <folder>controllers</folder>
        <folder>helpers</folder>
    </files>
    <media destination="com_thanhvienvote" folder="media">
        <folder>js</folder>
        <folder>css</folder>
    </media>
    <languages folder="site/languages">
        
			<language tag="en-GB">en-GB/en-GB.com_thanhvienvote.ini</language>
    </languages>
    <administration>
        <menu img="media/com_thanhvienvote/images/s_com_thanhvienvote.png" >COM_THANHVIENVOTE</menu>
        <submenu>
            
			<menu link="option=com_thanhvienvote&amp;view=votes" view="votes" img="media/com_thanhvienvote/images/s_votes.png" alt="Thanhvienvote/Votes">COM_THANHVIENVOTE_TITLE_VOTES</menu>

        </submenu>
        <files folder="administrator">
            <filename>access.xml</filename>
            <filename>config.xml</filename>
            <filename>controller.php</filename>
            <filename>index.html</filename>
            <filename>thanhvienvote.php</filename>
            <folder>controllers</folder>
            <folder>assets</folder>
            <folder>helpers</folder>
            <folder>models</folder>
            <folder>sql</folder>
            <folder>tables</folder>
            <folder>views</folder>
        </files>
        <languages folder="administrator/languages">
            
			<language tag="en-GB">en-GB/en-GB.com_thanhvienvote.ini</language>
			<language tag="en-GB">en-GB/en-GB.com_thanhvienvote.sys.ini</language>
        </languages>
    </administration>
    <config>
        <fields name="params">
            <fieldset name="component">
                <field name="save_history" default="0" />
            </fieldset>
        </fields>
    </config>
    <plugins>
        <plugin group="search" plugin="thanhvienvote"/>
    </plugins>
    
</extension>
<!-- Component built by the Joomla Component Creator -->
<!-- http://www.component-creator.com/ -->
